{"graph": {"_type": "graph-file", "path": "media/graph/graph_summary_2672015f.graph.json", "sha256": "2672015fef29b7d49da9f6d4b279c9db5490882ec14f98a14c0f7ec053b743d4", "size": 738}, "_step": 18, "val_loss": 15.226639334835223, "val_mae": 2.6253092288970947, "_timestamp": 1582232164.5146701, "val_mse": 15.226639747619629, "epoch": 18, "loss": 5.855936050415039, "mse": 5.855936050415039, "mae": 2.038728713989258, "_runtime": 2.3404202461242676, "best_val_loss": 15.226639334835223, "best_epoch": 17}
