{"graph": {"path": "media/graph/graph_summary_197e423a.graph.json", "size": 738, "_type": "graph-file", "sha256": "197e423ab5d88ef1c557968d12b5658fc559d903223764c4cca03bf4e30336cf"}, "_step": 49, "val_loss": 15.627434111353177, "val_mae": 2.5703043937683105, "_timestamp": 1582225792.985697, "val_mse": 15.627433776855469, "epoch": 49, "loss": 3.776147010149779, "mse": 3.776146650314331, "mae": 1.4406794309616089, "_runtime": 5.888813018798828, "best_val_loss": 15.421050139327548, "best_epoch": 48}
